timestamp,path,count,uniques
2021-02-10,/MinCiencia/Datos-COVID19,3325,844
2021-02-10,/MinCiencia/Datos-COVID19/tree/master/output/producto5,1571,491
2021-02-10,/MinCiencia/Datos-COVID19/tree/master/output,1335,352
2021-02-10,/MinCiencia/Datos-COVID19/tree/master/output/producto1,1268,712
2021-02-10,/MinCiencia/Datos-COVID19/tree/master/output/producto4,1161,386
2021-02-10,/MinCiencia/Datos-COVID19/tree/master/output/producto3,903,357
2021-02-10,/MinCiencia/Datos-COVID19/issues,870,142
2021-02-10,/MinCiencia/Datos-COVID19/tree/master/output/producto2,859,491
2021-02-10,/MinCiencia/Datos-COVID19/tree/master/output/producto15,745,251
2021-02-10,/MinCiencia/Datos-COVID19/blob/master/output/producto1/Covid-19.csv,597,336
2021-02-10,/MinCiencia/Datos-COVID19,2917,780
2021-02-10,/MinCiencia/Datos-COVID19/tree/master/output/producto5,1161,454
2021-02-10,/MinCiencia/Datos-COVID19/tree/master/output,1131,308
2021-02-10,/MinCiencia/Datos-COVID19/tree/master/output/producto1,1129,637
2021-02-10,/MinCiencia/Datos-COVID19/tree/master/output/producto4,969,349
2021-02-10,/MinCiencia/Datos-COVID19/issues,799,130
2021-02-10,/MinCiencia/Datos-COVID19/tree/master/output/producto3,791,330
2021-02-10,/MinCiencia/Datos-COVID19/tree/master/output/producto2,764,443
2021-02-10,/MinCiencia/Datos-COVID19/tree/master/output/producto15,676,227
2021-02-10,/MinCiencia/Datos-COVID19/blob/master/output/producto1/Covid-19.csv,528,303
2021-02-11,/MinCiencia/Datos-COVID19,3134,839
2021-02-11,/MinCiencia/Datos-COVID19/tree/master/output/producto1,1231,698
2021-02-11,/MinCiencia/Datos-COVID19/tree/master/output/producto5,1229,481
2021-02-11,/MinCiencia/Datos-COVID19/tree/master/output,1210,337
2021-02-11,/MinCiencia/Datos-COVID19/tree/master/output/producto4,1027,367
2021-02-11,/MinCiencia/Datos-COVID19/tree/master/output/producto3,847,343
2021-02-11,/MinCiencia/Datos-COVID19/issues,841,141
2021-02-11,/MinCiencia/Datos-COVID19/tree/master/output/producto2,809,472
2021-02-11,/MinCiencia/Datos-COVID19/tree/master/output/producto15,722,243
2021-02-11,/MinCiencia/Datos-COVID19/blob/master/output/producto1/Covid-19.csv,562,318
2021-02-12,/MinCiencia/Datos-COVID19,2967,804
2021-02-12,/MinCiencia/Datos-COVID19/tree/master/output/producto1,1228,698
2021-02-12,/MinCiencia/Datos-COVID19/tree/master/output,1131,329
2021-02-12,/MinCiencia/Datos-COVID19/tree/master/output/producto5,1061,463
2021-02-12,/MinCiencia/Datos-COVID19/tree/master/output/producto4,1004,358
2021-02-12,/MinCiencia/Datos-COVID19/tree/master/output/producto2,788,458
2021-02-12,/MinCiencia/Datos-COVID19/tree/master/output/producto3,781,333
2021-02-12,/MinCiencia/Datos-COVID19/tree/master/output/producto15,722,239
2021-02-12,/MinCiencia/Datos-COVID19/issues,720,135
2021-02-12,/MinCiencia/Datos-COVID19/blob/master/output/producto1/Covid-19.csv,555,319
2021-02-13,/MinCiencia/Datos-COVID19,2721,768
2021-02-13,/MinCiencia/Datos-COVID19/tree/master/output/producto1,1187,687
2021-02-13,/MinCiencia/Datos-COVID19/tree/master/output,1054,324
2021-02-13,/MinCiencia/Datos-COVID19/tree/master/output/producto5,956,436
2021-02-13,/MinCiencia/Datos-COVID19/tree/master/output/producto4,954,337
2021-02-13,/MinCiencia/Datos-COVID19/tree/master/output/producto2,782,446
2021-02-13,/MinCiencia/Datos-COVID19/tree/master/output/producto3,734,331
2021-02-13,/MinCiencia/Datos-COVID19/tree/master/output/producto15,640,230
2021-02-13,/MinCiencia/Datos-COVID19/blob/master/output/producto1/Covid-19.csv,536,305
2021-02-13,/MinCiencia/Datos-COVID19/issues,506,127
2021-02-14,/MinCiencia/Datos-COVID19,2569,737
2021-02-14,/MinCiencia/Datos-COVID19/tree/master/output/producto1,1128,648
2021-02-14,/MinCiencia/Datos-COVID19/tree/master/output,960,316
2021-02-14,/MinCiencia/Datos-COVID19/tree/master/output/producto4,919,322
2021-02-14,/MinCiencia/Datos-COVID19/tree/master/output/producto5,872,400
2021-02-14,/MinCiencia/Datos-COVID19/tree/master/output/producto2,752,430
2021-02-14,/MinCiencia/Datos-COVID19/tree/master/output/producto3,678,315
2021-02-14,/MinCiencia/Datos-COVID19/tree/master/output/producto15,523,218
2021-02-14,/MinCiencia/Datos-COVID19/blob/master/output/producto1/Covid-19.csv,489,279
2021-02-14,/MinCiencia/Datos-COVID19/tree/master/output/producto25,477,243
2021-02-15,/MinCiencia/Datos-COVID19,2406,691
2021-02-15,/MinCiencia/Datos-COVID19/tree/master/output/producto1,1060,607
2021-02-15,/MinCiencia/Datos-COVID19/tree/master/output,901,304
2021-02-15,/MinCiencia/Datos-COVID19/tree/master/output/producto4,881,306
2021-02-15,/MinCiencia/Datos-COVID19/tree/master/output/producto5,797,364
2021-02-15,/MinCiencia/Datos-COVID19/tree/master/output/producto3,641,298
2021-02-15,/MinCiencia/Datos-COVID19/tree/master/output/producto2,626,403
2021-02-15,/MinCiencia/Datos-COVID19/tree/master/output/producto25,459,237
2021-02-15,/MinCiencia/Datos-COVID19/blob/master/output/producto1/Covid-19.csv,451,268
2021-02-15,/MinCiencia/Datos-COVID19/tree/master/output/producto76,449,197
2021-02-16,/MinCiencia/Datos-COVID19,2314,670
2021-02-16,/MinCiencia/Datos-COVID19/tree/master/output/producto1,1012,585
2021-02-16,/MinCiencia/Datos-COVID19/tree/master/output/producto4,904,317
2021-02-16,/MinCiencia/Datos-COVID19/tree/master/output,889,296
2021-02-16,/MinCiencia/Datos-COVID19/tree/master/output/producto5,726,358
2021-02-16,/MinCiencia/Datos-COVID19/tree/master/output/producto2,617,409
2021-02-16,/MinCiencia/Datos-COVID19/tree/master/output/producto3,605,294
2021-02-16,/MinCiencia/Datos-COVID19/tree/master/output/producto15,456,212
2021-02-16,/MinCiencia/Datos-COVID19/tree/master/output/producto25,450,237
2021-02-16,/MinCiencia/Datos-COVID19/blob/master/output/producto1/Covid-19.csv,436,259
2021-02-17,/MinCiencia/Datos-COVID19,2284,654
2021-02-17,/MinCiencia/Datos-COVID19/tree/master/output/producto1,933,552
2021-02-17,/MinCiencia/Datos-COVID19/tree/master/output/producto4,900,309
2021-02-17,/MinCiencia/Datos-COVID19/tree/master/output,880,289
2021-02-17,/MinCiencia/Datos-COVID19/tree/master/output/producto5,750,362
2021-02-17,/MinCiencia/Datos-COVID19/tree/master/output/producto3,616,284
2021-02-17,/MinCiencia/Datos-COVID19/tree/master/output/producto2,580,388
2021-02-17,/MinCiencia/Datos-COVID19/tree/master/output/producto7,429,193
2021-02-17,/MinCiencia/Datos-COVID19/tree/master/output/producto25,425,222
2021-02-17,/MinCiencia/Datos-COVID19/blob/master/output/producto1/Covid-19.csv,423,253
2021-02-18,/MinCiencia/Datos-COVID19,2268,637
2021-02-18,/MinCiencia/Datos-COVID19/tree/master/output/producto1,874,515
2021-02-18,/MinCiencia/Datos-COVID19/tree/master/output,826,278
2021-02-18,/MinCiencia/Datos-COVID19/tree/master/output/producto4,780,297
2021-02-18,/MinCiencia/Datos-COVID19/tree/master/output/producto5,675,355
2021-02-18,/MinCiencia/Datos-COVID19/tree/master/output/producto3,581,274
2021-02-18,/MinCiencia/Datos-COVID19/tree/master/output/producto2,557,363
2021-02-18,/MinCiencia/Datos-COVID19/tree/master/output/producto7,429,198
2021-02-18,/MinCiencia/Datos-COVID19/tree/master/output/producto15,419,193
2021-02-18,/MinCiencia/Datos-COVID19/tree/master/output/producto76,406,121
2021-02-19,/MinCiencia/Datos-COVID19,2322,637
2021-02-19,/MinCiencia/Datos-COVID19/tree/master/output,892,284
2021-02-19,/MinCiencia/Datos-COVID19/tree/master/output/producto1,867,511
2021-02-19,/MinCiencia/Datos-COVID19/tree/master/output/producto4,848,305
2021-02-19,/MinCiencia/Datos-COVID19/tree/master/output/producto5,757,353
2021-02-19,/MinCiencia/Datos-COVID19/tree/master/output/producto3,579,270
2021-02-19,/MinCiencia/Datos-COVID19/tree/master/output/producto2,566,372
2021-02-19,/MinCiencia/Datos-COVID19/tree/master/output/producto7,451,199
2021-02-19,/MinCiencia/Datos-COVID19/tree/master/output/producto15,433,202
2021-02-19,/MinCiencia/Datos-COVID19/tree/master/output/producto37,431,83
2021-02-20,/MinCiencia/Datos-COVID19,2355,663
2021-02-20,/MinCiencia/Datos-COVID19/tree/master/output,907,302
2021-02-20,/MinCiencia/Datos-COVID19/tree/master/output/producto1,846,514
2021-02-20,/MinCiencia/Datos-COVID19/tree/master/output/producto4,844,299
2021-02-20,/MinCiencia/Datos-COVID19/tree/master/output/producto5,736,351
2021-02-20,/MinCiencia/Datos-COVID19/tree/master/output/producto3,572,262
2021-02-20,/MinCiencia/Datos-COVID19/tree/master/output/producto2,568,364
2021-02-20,/MinCiencia/Datos-COVID19/tree/master/output/producto7,474,197
2021-02-20,/MinCiencia/Datos-COVID19/tree/master/output/producto76,474,133
2021-02-20,/MinCiencia/Datos-COVID19/tree/master/output/producto37,452,84
2021-02-21,/MinCiencia/Datos-COVID19,2314,658
2021-02-21,/MinCiencia/Datos-COVID19/tree/master/output,919,299
2021-02-21,/MinCiencia/Datos-COVID19/tree/master/output/producto4,842,294
2021-02-21,/MinCiencia/Datos-COVID19/tree/master/output/producto1,805,486
2021-02-21,/MinCiencia/Datos-COVID19/tree/master/output/producto5,716,352
2021-02-21,/MinCiencia/Datos-COVID19/tree/master/output/producto3,573,255
2021-02-21,/MinCiencia/Datos-COVID19/tree/master/output/producto2,553,352
2021-02-21,/MinCiencia/Datos-COVID19/tree/master/output/producto76,481,134
2021-02-21,/MinCiencia/Datos-COVID19/tree/master/output/producto7,473,191
2021-02-21,/MinCiencia/Datos-COVID19/tree/master/output/producto37,466,79
2021-02-22,/MinCiencia/Datos-COVID19,2007,589
2021-02-22,/MinCiencia/Datos-COVID19/tree/master/output,830,268
2021-02-22,/MinCiencia/Datos-COVID19/tree/master/output/producto4,802,262
2021-02-22,/MinCiencia/Datos-COVID19/tree/master/output/producto5,666,316
2021-02-22,/MinCiencia/Datos-COVID19/tree/master/output/producto1,628,389
2021-02-22,/MinCiencia/Datos-COVID19/tree/master/output/producto3,554,227
2021-02-22,/MinCiencia/Datos-COVID19/tree/master/output/producto7,480,179
2021-02-22,/MinCiencia/Datos-COVID19/tree/master/output/producto76,468,126
2021-02-22,/MinCiencia/Datos-COVID19/tree/master/output/producto2,437,273
2021-02-22,/MinCiencia/Datos-COVID19/tree/master/output/producto37,430,72
2021-02-23,/MinCiencia/Datos-COVID19,2224,641
2021-02-23,/MinCiencia/Datos-COVID19/tree/master/output/producto4,934,295
2021-02-23,/MinCiencia/Datos-COVID19/tree/master/output,926,288
2021-02-23,/MinCiencia/Datos-COVID19/tree/master/output/producto5,735,355
2021-02-23,/MinCiencia/Datos-COVID19/tree/master/output/producto1,704,419
2021-02-23,/MinCiencia/Datos-COVID19/tree/master/output/producto3,641,250
2021-02-23,/MinCiencia/Datos-COVID19/tree/master/output/producto7,550,197
2021-02-23,/MinCiencia/Datos-COVID19/tree/master/output/producto76,518,139
2021-02-23,/MinCiencia/Datos-COVID19/tree/master/output/producto2,484,298
2021-02-23,/MinCiencia/Datos-COVID19/tree/master/output/producto37,457,79
2021-02-24,/MinCiencia/Datos-COVID19,2188,648
2021-02-24,/MinCiencia/Datos-COVID19/tree/master/output,953,288
2021-02-24,/MinCiencia/Datos-COVID19/tree/master/output/producto4,944,295
2021-02-24,/MinCiencia/Datos-COVID19/tree/master/output/producto5,714,355
2021-02-24,/MinCiencia/Datos-COVID19/tree/master/output/producto1,664,398
2021-02-24,/MinCiencia/Datos-COVID19/tree/master/output/producto3,647,253
2021-02-24,/MinCiencia/Datos-COVID19/tree/master/output/producto7,558,192
2021-02-24,/MinCiencia/Datos-COVID19/tree/master/output/producto76,539,128
2021-02-24,/MinCiencia/Datos-COVID19/tree/master/output/producto2,465,289
2021-02-24,/MinCiencia/Datos-COVID19/tree/master/output/producto37,412,75
2021-02-25,/MinCiencia/Datos-COVID19,2192,651
2021-02-25,/MinCiencia/Datos-COVID19/tree/master/output,1017,280
2021-02-25,/MinCiencia/Datos-COVID19/tree/master/output/producto4,978,288
2021-02-25,/MinCiencia/Datos-COVID19/tree/master/output/producto5,705,353
2021-02-25,/MinCiencia/Datos-COVID19/tree/master/output/producto3,679,257
2021-02-25,/MinCiencia/Datos-COVID19/tree/master/output/producto1,657,376
2021-02-25,/MinCiencia/Datos-COVID19/tree/master/output/producto7,558,179
2021-02-25,/MinCiencia/Datos-COVID19/tree/master/output/producto76,546,125
2021-02-25,/MinCiencia/Datos-COVID19/tree/master/output/producto37,474,78
2021-02-25,/MinCiencia/Datos-COVID19/tree/master/output/producto2,462,281
2021-02-26,/MinCiencia/Datos-COVID19,2242,669
2021-02-26,/MinCiencia/Datos-COVID19/tree/master/output,1087,294
2021-02-26,/MinCiencia/Datos-COVID19/tree/master/output/producto4,1029,305
2021-02-26,/MinCiencia/Datos-COVID19/tree/master/output/producto5,726,362
2021-02-26,/MinCiencia/Datos-COVID19/tree/master/output/producto1,684,382
2021-02-26,/MinCiencia/Datos-COVID19/tree/master/output/producto3,666,249
2021-02-26,/MinCiencia/Datos-COVID19/tree/master/output/producto7,571,181
2021-02-26,/MinCiencia/Datos-COVID19/tree/master/output/producto76,540,123
2021-02-26,/MinCiencia/Datos-COVID19/tree/master/output/producto37,494,83
2021-02-26,/MinCiencia/Datos-COVID19/tree/master/output/producto2,489,294
2021-02-27,/MinCiencia/Datos-COVID19,2284,683
2021-02-27,/MinCiencia/Datos-COVID19/tree/master/output,1111,294
2021-02-27,/MinCiencia/Datos-COVID19/tree/master/output/producto4,1000,302
2021-02-27,/MinCiencia/Datos-COVID19/tree/master/output/producto5,717,364
2021-02-27,/MinCiencia/Datos-COVID19/tree/master/output/producto1,685,385
2021-02-27,/MinCiencia/Datos-COVID19/tree/master/output/producto3,660,239
2021-02-27,/MinCiencia/Datos-COVID19/tree/master/output/producto7,566,181
2021-02-27,/MinCiencia/Datos-COVID19/tree/master/output/producto76,562,125
2021-02-27,/MinCiencia/Datos-COVID19/tree/master/output/producto2,500,298
2021-02-27,/MinCiencia/Datos-COVID19/tree/master/output/producto37,481,88
2021-02-28,/MinCiencia/Datos-COVID19,2270,681
2021-02-28,/MinCiencia/Datos-COVID19/tree/master/output,1093,284
2021-02-28,/MinCiencia/Datos-COVID19/tree/master/output/producto4,1024,298
2021-02-28,/MinCiencia/Datos-COVID19/tree/master/output/producto5,713,356
2021-02-28,/MinCiencia/Datos-COVID19/tree/master/output/producto1,702,379
2021-02-28,/MinCiencia/Datos-COVID19/tree/master/output/producto3,667,238
2021-02-28,/MinCiencia/Datos-COVID19/tree/master/output/producto7,551,176
2021-02-28,/MinCiencia/Datos-COVID19/tree/master/output/producto76,550,122
2021-02-28,/MinCiencia/Datos-COVID19/tree/master/output/producto37,520,88
2021-02-28,/MinCiencia/Datos-COVID19/tree/master/output/producto2,498,301
2021-03-01,/MinCiencia/Datos-COVID19,2233,672
2021-03-01,/MinCiencia/Datos-COVID19/tree/master/output,1087,284
2021-03-01,/MinCiencia/Datos-COVID19/tree/master/output/producto4,1010,291
2021-03-01,/MinCiencia/Datos-COVID19/tree/master/output/producto1,724,371
2021-03-01,/MinCiencia/Datos-COVID19/tree/master/output/producto5,703,355
2021-03-01,/MinCiencia/Datos-COVID19/tree/master/output/producto3,640,232
2021-03-01,/MinCiencia/Datos-COVID19/tree/master/output/producto76,531,114
2021-03-01,/MinCiencia/Datos-COVID19/tree/master/output/producto7,527,172
2021-03-01,/MinCiencia/Datos-COVID19/tree/master/output/producto37,523,87
2021-03-01,/MinCiencia/Datos-COVID19/tree/master/output/producto2,457,289
2021-03-02,/MinCiencia/Datos-COVID19,2292,704
2021-03-02,/MinCiencia/Datos-COVID19/tree/master/output,1101,287
2021-03-02,/MinCiencia/Datos-COVID19/tree/master/output/producto4,1057,296
2021-03-02,/MinCiencia/Datos-COVID19/tree/master/output/producto1,784,388
2021-03-02,/MinCiencia/Datos-COVID19/tree/master/output/producto3,697,253
2021-03-02,/MinCiencia/Datos-COVID19/tree/master/output/producto5,675,352
2021-03-02,/MinCiencia/Datos-COVID19/tree/master/output/producto37,525,84
2021-03-02,/MinCiencia/Datos-COVID19/tree/master/output/producto7,518,164
2021-03-02,/MinCiencia/Datos-COVID19/tree/master/output/producto76,513,121
2021-03-02,/MinCiencia/Datos-COVID19/tree/master/output/producto2,506,317
2021-03-03,/MinCiencia/Datos-COVID19,2286,714
2021-03-03,/MinCiencia/Datos-COVID19/tree/master/output/producto4,1097,287
2021-03-03,/MinCiencia/Datos-COVID19/tree/master/output,1070,282
2021-03-03,/MinCiencia/Datos-COVID19/tree/master/output/producto1,813,408
2021-03-03,/MinCiencia/Datos-COVID19/tree/master/output/producto3,716,249
2021-03-03,/MinCiencia/Datos-COVID19/tree/master/output/producto5,661,340
2021-03-03,/MinCiencia/Datos-COVID19/tree/master/output/producto37,523,80
2021-03-03,/MinCiencia/Datos-COVID19/tree/master/output/producto2,519,320
2021-03-03,/MinCiencia/Datos-COVID19/tree/master/output/producto7,511,155
2021-03-03,/MinCiencia/Datos-COVID19/tree/master/output/producto76,496,116
2021-03-04,/MinCiencia/Datos-COVID19,2382,745
2021-03-04,/MinCiencia/Datos-COVID19/tree/master/output,1104,287
2021-03-04,/MinCiencia/Datos-COVID19/tree/master/output/producto4,1055,281
2021-03-04,/MinCiencia/Datos-COVID19/tree/master/output/producto1,860,443
2021-03-04,/MinCiencia/Datos-COVID19/tree/master/output/producto3,771,260
2021-03-04,/MinCiencia/Datos-COVID19/tree/master/output/producto5,588,350
2021-03-04,/MinCiencia/Datos-COVID19/tree/master/output/producto2,524,334
2021-03-04,/MinCiencia/Datos-COVID19/tree/master/output/producto7,493,156
2021-03-04,/MinCiencia/Datos-COVID19/tree/master/output/producto15,489,203
2021-03-04,/MinCiencia/Datos-COVID19/tree/master/output/producto76,488,103
2021-03-05,/MinCiencia/Datos-COVID19,2519,777
2021-03-05,/MinCiencia/Datos-COVID19/tree/master/output,1178,297
2021-03-05,/MinCiencia/Datos-COVID19/tree/master/output/producto4,1140,286
2021-03-05,/MinCiencia/Datos-COVID19/tree/master/output/producto1,924,475
2021-03-05,/MinCiencia/Datos-COVID19/tree/master/output/producto3,782,267
2021-03-05,/MinCiencia/Datos-COVID19/tree/master/output/producto5,634,368
2021-03-05,/MinCiencia/Datos-COVID19/tree/master/output/producto2,545,343
2021-03-05,/MinCiencia/Datos-COVID19/tree/master/output/producto15,531,213
2021-03-05,/MinCiencia/Datos-COVID19/tree/master/output/producto7,483,160
2021-03-05,/MinCiencia/Datos-COVID19/tree/master/output/producto76,458,98
2021-03-06,/MinCiencia/Datos-COVID19,2626,817
2021-03-06,/MinCiencia/Datos-COVID19/tree/master/output,1190,303
2021-03-06,/MinCiencia/Datos-COVID19/tree/master/output/producto4,1142,286
2021-03-06,/MinCiencia/Datos-COVID19/tree/master/output/producto1,944,491
2021-03-06,/MinCiencia/Datos-COVID19/tree/master/output/producto3,801,268
2021-03-06,/MinCiencia/Datos-COVID19/tree/master/output/producto5,656,380
2021-03-06,/MinCiencia/Datos-COVID19/tree/master/output/producto2,553,355
2021-03-06,/MinCiencia/Datos-COVID19/tree/master/output/producto15,531,214
2021-03-06,/MinCiencia/Datos-COVID19/tree/master/output/producto7,478,159
2021-03-06,/MinCiencia/Datos-COVID19/tree/master/output/producto76,464,98
2021-03-07,/MinCiencia/Datos-COVID19,2644,830
2021-03-07,/MinCiencia/Datos-COVID19/tree/master/output,1205,302
2021-03-07,/MinCiencia/Datos-COVID19/tree/master/output/producto4,1120,283
2021-03-07,/MinCiencia/Datos-COVID19/tree/master/output/producto1,962,511
2021-03-07,/MinCiencia/Datos-COVID19/tree/master/output/producto3,751,266
2021-03-07,/MinCiencia/Datos-COVID19/tree/master/output/producto5,654,392
2021-03-07,/MinCiencia/Datos-COVID19/tree/master/output/producto2,588,369
2021-03-07,/MinCiencia/Datos-COVID19/tree/master/output/producto15,559,220
2021-03-07,/MinCiencia/Datos-COVID19/tree/master/output/producto37,454,82
2021-03-07,/MinCiencia/Datos-COVID19/tree/master/output/producto76,448,90
2021-03-08,/MinCiencia/Datos-COVID19,2607,836
2021-03-08,/MinCiencia/Datos-COVID19/tree/master/output,1233,301
2021-03-08,/MinCiencia/Datos-COVID19/tree/master/output/producto4,1040,268
2021-03-08,/MinCiencia/Datos-COVID19/tree/master/output/producto1,999,550
2021-03-08,/MinCiencia/Datos-COVID19/tree/master/output/producto3,710,279
2021-03-08,/MinCiencia/Datos-COVID19/tree/master/output/producto5,652,409
2021-03-08,/MinCiencia/Datos-COVID19/tree/master/output/producto2,601,387
2021-03-08,/MinCiencia/Datos-COVID19/tree/master/output/producto15,563,227
2021-03-08,/MinCiencia/Datos-COVID19/blob/master/output/producto1/Covid-19.csv,448,272
2021-03-08,/MinCiencia/Datos-COVID19/tree/master/output/producto37,446,81
2021-03-09,/MinCiencia/Datos-COVID19,2759,881
2021-03-09,/MinCiencia/Datos-COVID19/tree/master/output,1232,310
2021-03-09,/MinCiencia/Datos-COVID19/tree/master/output/producto4,1092,291
2021-03-09,/MinCiencia/Datos-COVID19/tree/master/output/producto1,1076,595
2021-03-09,/MinCiencia/Datos-COVID19/tree/master/output/producto3,748,299
2021-03-09,/MinCiencia/Datos-COVID19/tree/master/output/producto5,709,447
2021-03-09,/MinCiencia/Datos-COVID19/tree/master/output/producto2,680,443
2021-03-09,/MinCiencia/Datos-COVID19/tree/master/output/producto15,605,254
2021-03-09,/MinCiencia/Datos-COVID19/blob/master/output/producto1/Covid-19.csv,471,290
2021-03-09,/MinCiencia/Datos-COVID19/tree/master/output/producto37,466,83
2021-03-10,/MinCiencia/Datos-COVID19,2825,915
2021-03-10,/MinCiencia/Datos-COVID19/tree/master/output,1189,342
2021-03-10,/MinCiencia/Datos-COVID19/tree/master/output/producto1,1107,625
2021-03-10,/MinCiencia/Datos-COVID19/tree/master/output/producto4,1073,303
2021-03-10,/MinCiencia/Datos-COVID19/tree/master/output/producto5,736,473
2021-03-10,/MinCiencia/Datos-COVID19/tree/master/output/producto3,730,308
2021-03-10,/MinCiencia/Datos-COVID19/tree/master/output/producto2,703,452
2021-03-10,/MinCiencia/Datos-COVID19/tree/master/output/producto15,570,247
2021-03-10,/MinCiencia/Datos-COVID19/blob/master/output/producto1/Covid-19.csv,495,308
2021-03-10,/MinCiencia/Datos-COVID19/tree/master/output/producto37,401,82
2021-03-11,/MinCiencia/Datos-COVID19,2895,952
2021-03-11,/MinCiencia/Datos-COVID19/tree/master/output/producto1,1176,669
2021-03-11,/MinCiencia/Datos-COVID19/tree/master/output,1159,344
2021-03-11,/MinCiencia/Datos-COVID19/tree/master/output/producto4,1048,298
2021-03-11,/MinCiencia/Datos-COVID19/tree/master/output/producto5,752,480
2021-03-11,/MinCiencia/Datos-COVID19/tree/master/output/producto3,734,317
2021-03-11,/MinCiencia/Datos-COVID19/tree/master/output/producto2,714,456
2021-03-11,/MinCiencia/Datos-COVID19/tree/master/output/producto15,602,250
2021-03-11,/MinCiencia/Datos-COVID19/blob/master/output/producto1/Covid-19.csv,500,317
2021-03-11,/MinCiencia/Datos-COVID19/tree/master/output/producto76,406,79
2021-03-12,/MinCiencia/Datos-COVID19,3096,1002
2021-03-12,/MinCiencia/Datos-COVID19/tree/master/output/producto1,1319,719
2021-03-12,/MinCiencia/Datos-COVID19/tree/master/output,1300,375
2021-03-12,/MinCiencia/Datos-COVID19/tree/master/output/producto4,1135,318
2021-03-12,/MinCiencia/Datos-COVID19/tree/master/output/producto5,915,515
2021-03-12,/MinCiencia/Datos-COVID19/tree/master/output/producto2,787,497
2021-03-12,/MinCiencia/Datos-COVID19/tree/master/output/producto3,768,332
2021-03-12,/MinCiencia/Datos-COVID19/tree/master/output/producto15,678,266
2021-03-12,/MinCiencia/Datos-COVID19/blob/master/output/producto1/Covid-19.csv,548,343
2021-03-12,/MinCiencia/Datos-COVID19/tree/master/output/producto25,462,233
2021-03-13,/MinCiencia/Datos-COVID19,3298,1054
2021-03-13,/MinCiencia/Datos-COVID19/tree/master/output/producto1,1343,754
2021-03-13,/MinCiencia/Datos-COVID19/tree/master/output,1327,386
2021-03-13,/MinCiencia/Datos-COVID19/tree/master/output/producto4,1143,338
2021-03-13,/MinCiencia/Datos-COVID19/tree/master/output/producto5,979,557
2021-03-13,/MinCiencia/Datos-COVID19/tree/master/output/producto2,829,527
2021-03-13,/MinCiencia/Datos-COVID19/tree/master/output/producto3,810,356
2021-03-13,/MinCiencia/Datos-COVID19/tree/master/output/producto15,668,272
2021-03-13,/MinCiencia/Datos-COVID19/blob/master/output/producto1/Covid-19.csv,588,368
2021-03-13,/MinCiencia/Datos-COVID19/tree/master/output/producto25,479,246
2021-03-14,/MinCiencia/Datos-COVID19,3397,1059
2021-03-14,/MinCiencia/Datos-COVID19/tree/master/output/producto1,1360,776
2021-03-14,/MinCiencia/Datos-COVID19/tree/master/output,1333,392
2021-03-14,/MinCiencia/Datos-COVID19/tree/master/output/producto4,1161,343
2021-03-14,/MinCiencia/Datos-COVID19/tree/master/output/producto5,1007,577
2021-03-14,/MinCiencia/Datos-COVID19/tree/master/output/producto2,857,548
2021-03-14,/MinCiencia/Datos-COVID19/tree/master/output/producto3,834,358
2021-03-14,/MinCiencia/Datos-COVID19/tree/master/output/producto15,649,280
2021-03-14,/MinCiencia/Datos-COVID19/blob/master/output/producto1/Covid-19.csv,602,375
2021-03-14,/MinCiencia/Datos-COVID19/tree/master/output/producto25,480,251
2021-03-15,/MinCiencia/Datos-COVID19,3297,1055
2021-03-15,/MinCiencia/Datos-COVID19/tree/master/output/producto1,1347,770
2021-03-15,/MinCiencia/Datos-COVID19/tree/master/output,1291,395
2021-03-15,/MinCiencia/Datos-COVID19/tree/master/output/producto4,1080,333
2021-03-15,/MinCiencia/Datos-COVID19/tree/master/output/producto5,1032,586
2021-03-15,/MinCiencia/Datos-COVID19/tree/master/output/producto2,861,554
2021-03-15,/MinCiencia/Datos-COVID19/tree/master/output/producto3,765,355
2021-03-15,/MinCiencia/Datos-COVID19/tree/master/output/producto15,617,272
2021-03-15,/MinCiencia/Datos-COVID19/blob/master/output/producto1/Covid-19.csv,565,359
2021-03-15,/MinCiencia/Datos-COVID19/tree/master/output/producto25,483,249
2021-03-16,/MinCiencia/Datos-COVID19,3436,1101
2021-03-16,/MinCiencia/Datos-COVID19/tree/master/output/producto1,1452,818
2021-03-16,/MinCiencia/Datos-COVID19/tree/master/output,1358,425
2021-03-16,/MinCiencia/Datos-COVID19/tree/master/output/producto5,1107,629
2021-03-16,/MinCiencia/Datos-COVID19/tree/master/output/producto4,1079,369
2021-03-16,/MinCiencia/Datos-COVID19/tree/master/output/producto2,930,603
2021-03-16,/MinCiencia/Datos-COVID19/tree/master/output/producto3,787,380
2021-03-16,/MinCiencia/Datos-COVID19/tree/master/output/producto15,646,289
2021-03-16,/MinCiencia/Datos-COVID19/blob/master/output/producto1/Covid-19.csv,626,381
2021-03-16,/MinCiencia/Datos-COVID19/tree/master/output/producto25,515,265
2021-03-17,/MinCiencia/Datos-COVID19,3541,1158
2021-03-17,/MinCiencia/Datos-COVID19/tree/master/output/producto1,1486,858
2021-03-17,/MinCiencia/Datos-COVID19/tree/master/output,1353,443
2021-03-17,/MinCiencia/Datos-COVID19/tree/master/output/producto5,1153,641
2021-03-17,/MinCiencia/Datos-COVID19/tree/master/output/producto4,1078,377
2021-03-17,/MinCiencia/Datos-COVID19/tree/master/output/producto2,990,644
2021-03-17,/MinCiencia/Datos-COVID19/tree/master/output/producto3,750,364
2021-03-17,/MinCiencia/Datos-COVID19/blob/master/output/producto1/Covid-19.csv,638,387
2021-03-17,/MinCiencia/Datos-COVID19/tree/master/output/producto15,606,301
2021-03-17,/MinCiencia/Datos-COVID19/tree/master/output/producto9,567,280
2021-03-18,/MinCiencia/Datos-COVID19,3672,1203
2021-03-18,/MinCiencia/Datos-COVID19/tree/master/output/producto1,1545,901
2021-03-18,/MinCiencia/Datos-COVID19/tree/master/output,1353,466
2021-03-18,/MinCiencia/Datos-COVID19/tree/master/output/producto5,1182,666
2021-03-18,/MinCiencia/Datos-COVID19/tree/master/output/producto2,1056,690
2021-03-18,/MinCiencia/Datos-COVID19/tree/master/output/producto4,995,393
2021-03-18,/MinCiencia/Datos-COVID19/tree/master/output/producto3,775,386
2021-03-18,/MinCiencia/Datos-COVID19/blob/master/output/producto1/Covid-19.csv,671,388
2021-03-18,/MinCiencia/Datos-COVID19/tree/master/output/producto15,606,315
2021-03-18,/MinCiencia/Datos-COVID19/tree/master/output/producto9,600,279
2021-03-19,/MinCiencia/Datos-COVID19,3834,1280
2021-03-19,/MinCiencia/Datos-COVID19/tree/master/output/producto1,1698,970
2021-03-19,/MinCiencia/Datos-COVID19/tree/master/output,1508,515
2021-03-19,/MinCiencia/Datos-COVID19/tree/master/output/producto5,1438,741
2021-03-19,/MinCiencia/Datos-COVID19/tree/master/output/producto2,1203,783
2021-03-19,/MinCiencia/Datos-COVID19/tree/master/output/producto4,1078,424
2021-03-19,/MinCiencia/Datos-COVID19/tree/master/output/producto3,827,412
2021-03-19,/MinCiencia/Datos-COVID19/blob/master/output/producto1/Covid-19.csv,731,419
2021-03-19,/MinCiencia/Datos-COVID19/tree/master/output/producto15,624,324
2021-03-19,/MinCiencia/Datos-COVID19/tree/master/output/producto9,614,286
2021-03-20,/MinCiencia/Datos-COVID19,4001,1329
2021-03-20,/MinCiencia/Datos-COVID19/tree/master/output/producto1,1760,1019
2021-03-20,/MinCiencia/Datos-COVID19/tree/master/output,1504,518
2021-03-20,/MinCiencia/Datos-COVID19/tree/master/output/producto5,1492,774
2021-03-20,/MinCiencia/Datos-COVID19/tree/master/output/producto2,1245,818
2021-03-20,/MinCiencia/Datos-COVID19/tree/master/output/producto4,1152,431
2021-03-20,/MinCiencia/Datos-COVID19/tree/master/output/producto3,853,430
2021-03-20,/MinCiencia/Datos-COVID19/blob/master/output/producto1/Covid-19.csv,763,438
2021-03-20,/MinCiencia/Datos-COVID19/tree/master/output/producto9,626,294
2021-03-20,/MinCiencia/Datos-COVID19/tree/master/output/producto25,616,316
2021-03-24,/MinCiencia/Datos-COVID19,4380,1509
2021-03-24,/MinCiencia/Datos-COVID19/tree/master/output/producto1,1864,1106
2021-03-24,/MinCiencia/Datos-COVID19/tree/master/output/producto5,1631,897
2021-03-24,/MinCiencia/Datos-COVID19/tree/master/output/producto2,1431,972
2021-03-24,/MinCiencia/Datos-COVID19/tree/master/output,1415,545
2021-03-24,/MinCiencia/Datos-COVID19/tree/master/output/producto4,1018,458
2021-03-24,/MinCiencia/Datos-COVID19/tree/master/output/producto9,906,426
2021-03-24,/MinCiencia/Datos-COVID19/tree/master/output/producto3,900,475
2021-03-24,/MinCiencia/Datos-COVID19/blob/master/output/producto1/Covid-19.csv,809,467
2021-03-24,/MinCiencia/Datos-COVID19/blob/master/output/producto5/TotalesNacionales.csv,788,463
2021-03-24,/MinCiencia/Datos-COVID19,4380,1509
2021-03-24,/MinCiencia/Datos-COVID19/tree/master/output/producto1,1864,1106
2021-03-24,/MinCiencia/Datos-COVID19/tree/master/output/producto5,1631,897
2021-03-24,/MinCiencia/Datos-COVID19/tree/master/output/producto2,1431,972
2021-03-24,/MinCiencia/Datos-COVID19/tree/master/output,1415,545
2021-03-24,/MinCiencia/Datos-COVID19/tree/master/output/producto4,1018,458
2021-03-24,/MinCiencia/Datos-COVID19/tree/master/output/producto9,906,426
2021-03-24,/MinCiencia/Datos-COVID19/tree/master/output/producto3,900,475
2021-03-24,/MinCiencia/Datos-COVID19/blob/master/output/producto1/Covid-19.csv,809,467
2021-03-24,/MinCiencia/Datos-COVID19/blob/master/output/producto5/TotalesNacionales.csv,788,463
2021-03-25,/MinCiencia/Datos-COVID19,4587,1586
2021-03-25,/MinCiencia/Datos-COVID19/tree/master/output/producto1,1935,1123
2021-03-25,/MinCiencia/Datos-COVID19/tree/master/output/producto5,1667,921
2021-03-25,/MinCiencia/Datos-COVID19/tree/master/output,1465,570
2021-03-25,/MinCiencia/Datos-COVID19/tree/master/output/producto2,1436,973
2021-03-25,/MinCiencia/Datos-COVID19/tree/master/output/producto9,1024,447
2021-03-25,/MinCiencia/Datos-COVID19/tree/master/output/producto4,1011,467
2021-03-25,/MinCiencia/Datos-COVID19/tree/master/output/producto3,893,478
2021-03-25,/MinCiencia/Datos-COVID19/blob/master/output/producto1/Covid-19.csv,829,470
2021-03-25,/MinCiencia/Datos-COVID19/blob/master/output/producto5/TotalesNacionales.csv,817,483
2021-03-25,/MinCiencia/Datos-COVID19,4587,1586
2021-03-25,/MinCiencia/Datos-COVID19/tree/master/output/producto1,1935,1123
2021-03-25,/MinCiencia/Datos-COVID19/tree/master/output/producto5,1667,921
2021-03-25,/MinCiencia/Datos-COVID19/tree/master/output,1465,570
2021-03-25,/MinCiencia/Datos-COVID19/tree/master/output/producto2,1436,973
2021-03-25,/MinCiencia/Datos-COVID19/tree/master/output/producto9,1024,447
2021-03-25,/MinCiencia/Datos-COVID19/tree/master/output/producto4,1011,467
2021-03-25,/MinCiencia/Datos-COVID19/tree/master/output/producto3,893,478
2021-03-25,/MinCiencia/Datos-COVID19/blob/master/output/producto1/Covid-19.csv,829,470
2021-03-25,/MinCiencia/Datos-COVID19/blob/master/output/producto5/TotalesNacionales.csv,817,483
2021-03-25,/MinCiencia/Datos-COVID19,4587,1586
2021-03-25,/MinCiencia/Datos-COVID19/tree/master/output/producto1,1935,1123
2021-03-25,/MinCiencia/Datos-COVID19/tree/master/output/producto5,1667,921
2021-03-25,/MinCiencia/Datos-COVID19/tree/master/output,1465,570
2021-03-25,/MinCiencia/Datos-COVID19/tree/master/output/producto2,1436,973
2021-03-25,/MinCiencia/Datos-COVID19/tree/master/output/producto9,1024,447
2021-03-25,/MinCiencia/Datos-COVID19/tree/master/output/producto4,1011,467
2021-03-25,/MinCiencia/Datos-COVID19/tree/master/output/producto3,893,478
2021-03-25,/MinCiencia/Datos-COVID19/blob/master/output/producto1/Covid-19.csv,829,470
2021-03-25,/MinCiencia/Datos-COVID19/blob/master/output/producto5/TotalesNacionales.csv,817,483
2021-03-25,/MinCiencia/Datos-COVID19,4587,1586
2021-03-25,/MinCiencia/Datos-COVID19/tree/master/output/producto1,1935,1123
2021-03-25,/MinCiencia/Datos-COVID19/tree/master/output/producto5,1667,921
2021-03-25,/MinCiencia/Datos-COVID19/tree/master/output,1465,570
2021-03-25,/MinCiencia/Datos-COVID19/tree/master/output/producto2,1436,973
2021-03-25,/MinCiencia/Datos-COVID19/tree/master/output/producto9,1024,447
2021-03-25,/MinCiencia/Datos-COVID19/tree/master/output/producto4,1011,467
2021-03-25,/MinCiencia/Datos-COVID19/tree/master/output/producto3,893,478
2021-03-25,/MinCiencia/Datos-COVID19/blob/master/output/producto1/Covid-19.csv,829,470
2021-03-25,/MinCiencia/Datos-COVID19/blob/master/output/producto5/TotalesNacionales.csv,817,483
2021-03-26,/MinCiencia/Datos-COVID19,5057,1729
2021-03-26,/MinCiencia/Datos-COVID19/tree/master/output/producto1,2094,1210
2021-03-26,/MinCiencia/Datos-COVID19/tree/master/output/producto5,1830,1009
2021-03-26,/MinCiencia/Datos-COVID19/tree/master/output,1620,621
2021-03-26,/MinCiencia/Datos-COVID19/tree/master/output/producto2,1574,1047
2021-03-26,/MinCiencia/Datos-COVID19/blob/master/output/producto5/TotalesNacionales.csv,1503,535
2021-03-26,/MinCiencia/Datos-COVID19/tree/master/output/producto4,1196,523
2021-03-26,/MinCiencia/Datos-COVID19/tree/master/output/producto9,1169,487
2021-03-26,/MinCiencia/Datos-COVID19/tree/master/output/producto3,993,511
2021-03-26,/MinCiencia/Datos-COVID19/blob/master/output/producto1/Covid-19.csv,918,505
2021-03-27,/MinCiencia/Datos-COVID19,5143,1734
2021-03-27,/MinCiencia/Datos-COVID19/tree/master/output/producto1,1993,1144
2021-03-27,/MinCiencia/Datos-COVID19/tree/master/output/producto5,1804,975
2021-03-27,/MinCiencia/Datos-COVID19/blob/master/output/producto5/TotalesNacionales.csv,1619,528
2021-03-27,/MinCiencia/Datos-COVID19/tree/master/output,1587,626
2021-03-27,/MinCiencia/Datos-COVID19/tree/master/output/producto2,1527,1012
2021-03-27,/MinCiencia/Datos-COVID19/tree/master/output/producto9,1199,501
2021-03-27,/MinCiencia/Datos-COVID19/tree/master/output/producto4,1145,511
2021-03-27,/MinCiencia/Datos-COVID19/tree/master/output/producto3,953,494
2021-03-27,/MinCiencia/Datos-COVID19/blob/master/output/producto1/Covid-19.csv,934,496
2021-03-28,/MinCiencia/Datos-COVID19,5426,1820
2021-03-28,/MinCiencia/Datos-COVID19/tree/master/output/producto1,2074,1176
2021-03-28,/MinCiencia/Datos-COVID19/tree/master/output/producto5,1910,1022
2021-03-28,/MinCiencia/Datos-COVID19/blob/master/output/producto5/TotalesNacionales.csv,1686,556
2021-03-28,/MinCiencia/Datos-COVID19/tree/master/output,1677,668
2021-03-28,/MinCiencia/Datos-COVID19/tree/master/output/producto2,1582,1042
2021-03-28,/MinCiencia/Datos-COVID19/tree/master/output/producto9,1290,531
2021-03-28,/MinCiencia/Datos-COVID19/tree/master/output/producto4,1209,535
2021-03-28,/MinCiencia/Datos-COVID19/tree/master/output/producto3,1003,517
2021-03-28,/MinCiencia/Datos-COVID19/blob/master/output/producto1/Covid-19.csv,974,510
2021-03-29,/MinCiencia/Datos-COVID19,5464,1810
2021-03-29,/MinCiencia/Datos-COVID19/tree/master/output/producto1,2045,1127
2021-03-29,/MinCiencia/Datos-COVID19/tree/master/output/producto5,1924,1024
2021-03-29,/MinCiencia/Datos-COVID19/tree/master/output,1711,676
2021-03-29,/MinCiencia/Datos-COVID19/blob/master/output/producto5/TotalesNacionales.csv,1706,545
2021-03-29,/MinCiencia/Datos-COVID19/tree/master/output/producto2,1560,1027
2021-03-29,/MinCiencia/Datos-COVID19/tree/master/output/producto9,1319,541
2021-03-29,/MinCiencia/Datos-COVID19/tree/master/output/producto4,1206,511
2021-03-29,/MinCiencia/Datos-COVID19/tree/master/output/producto3,1006,523
2021-03-29,/MinCiencia/Datos-COVID19/blob/master/output/producto1/Covid-19.csv,929,486
2021-03-30,/MinCiencia/Datos-COVID19,5737,1902
2021-03-30,/MinCiencia/Datos-COVID19/tree/master/output/producto1,2024,1113
2021-03-30,/MinCiencia/Datos-COVID19/tree/master/output/producto5,2015,1086
2021-03-30,/MinCiencia/Datos-COVID19/blob/master/output/producto5/TotalesNacionales.csv,1789,582
2021-03-30,/MinCiencia/Datos-COVID19/tree/master/output,1714,683
2021-03-30,/MinCiencia/Datos-COVID19/tree/master/output/producto2,1561,1017
2021-03-30,/MinCiencia/Datos-COVID19/tree/master/output/producto9,1382,566
2021-03-30,/MinCiencia/Datos-COVID19/tree/master/output/producto4,1257,541
2021-03-30,/MinCiencia/Datos-COVID19/tree/master/output/producto3,1045,530
2021-03-30,/MinCiencia/Datos-COVID19/blob/master/output/producto1/Covid-19.csv,943,492
2021-03-31,/MinCiencia/Datos-COVID19,5958,1998
2021-03-31,/MinCiencia/Datos-COVID19/tree/master/output/producto5,2084,1130
2021-03-31,/MinCiencia/Datos-COVID19/tree/master/output/producto1,1958,1089
2021-03-31,/MinCiencia/Datos-COVID19/blob/master/output/producto5/TotalesNacionales.csv,1810,616
2021-03-31,/MinCiencia/Datos-COVID19/tree/master/output,1740,702
2021-03-31,/MinCiencia/Datos-COVID19/tree/master/output/producto9,1580,640
2021-03-31,/MinCiencia/Datos-COVID19/tree/master/output/producto2,1507,991
2021-03-31,/MinCiencia/Datos-COVID19/tree/master/output/producto4,1287,552
2021-03-31,/MinCiencia/Datos-COVID19/tree/master/output/producto3,1103,532
2021-03-31,/MinCiencia/Datos-COVID19/tree/master/output/producto16,981,452
2021-04-02,/MinCiencia/Datos-COVID19,5836,1950
2021-04-02,/MinCiencia/Datos-COVID19/tree/master/output/producto5,1806,1062
2021-04-02,/MinCiencia/Datos-COVID19/blob/master/output/producto5/TotalesNacionales.csv,1782,589
2021-04-02,/MinCiencia/Datos-COVID19/tree/master/output/producto1,1729,975
2021-04-02,/MinCiencia/Datos-COVID19/tree/master/output/producto9,1639,650
2021-04-02,/MinCiencia/Datos-COVID19/tree/master/output,1610,650
2021-04-02,/MinCiencia/Datos-COVID19/tree/master/output/producto2,1317,845
2021-04-02,/MinCiencia/Datos-COVID19/tree/master/output/producto4,1116,531
2021-04-02,/MinCiencia/Datos-COVID19/tree/master/output/producto16,1048,472
2021-04-02,/MinCiencia/Datos-COVID19/tree/master/output/producto3,1017,495
2021-04-02,/MinCiencia/Datos-COVID19,6343,2082
2021-04-02,/MinCiencia/Datos-COVID19/tree/master/output/producto5,1939,1122
2021-04-02,/MinCiencia/Datos-COVID19/tree/master/output/producto9,1918,705
2021-04-02,/MinCiencia/Datos-COVID19/blob/master/output/producto5/TotalesNacionales.csv,1841,617
2021-04-02,/MinCiencia/Datos-COVID19/tree/master/output/producto1,1828,1032
2021-04-02,/MinCiencia/Datos-COVID19/tree/master/output,1773,708
2021-04-02,/MinCiencia/Datos-COVID19/tree/master/output/producto2,1384,893
2021-04-02,/MinCiencia/Datos-COVID19/tree/master/output/producto4,1210,556
2021-04-02,/MinCiencia/Datos-COVID19/tree/master/output/producto16,1181,535
2021-04-02,/MinCiencia/Datos-COVID19/tree/master/output/producto3,1133,530
2021-04-03,/MinCiencia/Datos-COVID19,6068,2014
2021-04-03,/MinCiencia/Datos-COVID19/tree/master/output/producto9,1859,679
2021-04-03,/MinCiencia/Datos-COVID19/tree/master/output/producto5,1818,1039
2021-04-03,/MinCiencia/Datos-COVID19/blob/master/output/producto5/TotalesNacionales.csv,1785,577
2021-04-03,/MinCiencia/Datos-COVID19/tree/master/output,1692,690
2021-04-03,/MinCiencia/Datos-COVID19/tree/master/output/producto1,1664,954
2021-04-03,/MinCiencia/Datos-COVID19/tree/master/output/producto2,1280,818
2021-04-03,/MinCiencia/Datos-COVID19/tree/master/output/producto4,1156,527
2021-04-03,/MinCiencia/Datos-COVID19/tree/master/output/producto16,1135,519
2021-04-03,/MinCiencia/Datos-COVID19/tree/master/output/producto3,1043,486
2021-04-03,/MinCiencia/Datos-COVID19,6459,2118
2021-04-03,/MinCiencia/Datos-COVID19/tree/master/output/producto9,1995,708
2021-04-03,/MinCiencia/Datos-COVID19/tree/master/output/producto5,1903,1103
2021-04-03,/MinCiencia/Datos-COVID19/blob/master/output/producto5/TotalesNacionales.csv,1828,603
2021-04-03,/MinCiencia/Datos-COVID19/tree/master/output/producto1,1760,1004
2021-04-03,/MinCiencia/Datos-COVID19/tree/master/output,1759,718
2021-04-03,/MinCiencia/Datos-COVID19/tree/master/output/producto2,1352,862
2021-04-03,/MinCiencia/Datos-COVID19/tree/master/output/producto16,1253,573
2021-04-03,/MinCiencia/Datos-COVID19/tree/master/output/producto4,1223,557
2021-04-03,/MinCiencia/Datos-COVID19/blob/master/output/producto9/HospitalizadosUCIEtario.csv,1108,443
2021-04-04,/MinCiencia/Datos-COVID19,6461,2121
2021-04-04,/MinCiencia/Datos-COVID19/tree/master/output/producto9,2045,729
2021-04-04,/MinCiencia/Datos-COVID19/tree/master/output/producto5,1871,1105
2021-04-04,/MinCiencia/Datos-COVID19/blob/master/output/producto5/TotalesNacionales.csv,1780,602
2021-04-04,/MinCiencia/Datos-COVID19/tree/master/output,1768,707
2021-04-04,/MinCiencia/Datos-COVID19/tree/master/output/producto1,1679,964
2021-04-04,/MinCiencia/Datos-COVID19/tree/master/output/producto16,1348,598
2021-04-04,/MinCiencia/Datos-COVID19/tree/master/output/producto2,1288,832
2021-04-04,/MinCiencia/Datos-COVID19/tree/master/output/producto4,1202,553
2021-04-04,/MinCiencia/Datos-COVID19/blob/master/output/producto9/HospitalizadosUCIEtario.csv,1139,461
2021-04-05,/MinCiencia/Datos-COVID19,6216,2060
2021-04-05,/MinCiencia/Datos-COVID19/tree/master/output/producto9,1968,700
2021-04-05,/MinCiencia/Datos-COVID19/tree/master/output/producto5,1715,1029
2021-04-05,/MinCiencia/Datos-COVID19/tree/master/output,1711,672
2021-04-05,/MinCiencia/Datos-COVID19/blob/master/output/producto5/TotalesNacionales.csv,1694,543
2021-04-05,/MinCiencia/Datos-COVID19/tree/master/output/producto1,1559,882
2021-04-05,/MinCiencia/Datos-COVID19/tree/master/output/producto16,1363,603
2021-04-05,/MinCiencia/Datos-COVID19/tree/master/output/producto2,1158,745
2021-04-05,/MinCiencia/Datos-COVID19/tree/master/output/producto4,1146,544
2021-04-05,/MinCiencia/Datos-COVID19/blob/master/output/producto9/HospitalizadosUCIEtario.csv,1140,447
2021-04-06,/MinCiencia/Datos-COVID19,5647,1902
2021-04-06,/MinCiencia/Datos-COVID19/tree/master/output/producto9,1820,643
2021-04-06,/MinCiencia/Datos-COVID19/blob/master/output/producto5/TotalesNacionales.csv,1594,488
2021-04-06,/MinCiencia/Datos-COVID19/tree/master/output,1591,618
2021-04-06,/MinCiencia/Datos-COVID19/tree/master/output/producto5,1557,932
2021-04-06,/MinCiencia/Datos-COVID19/tree/master/output/producto1,1385,792
2021-04-06,/MinCiencia/Datos-COVID19/tree/master/output/producto16,1275,558
2021-04-06,/MinCiencia/Datos-COVID19/blob/master/output/producto9/HospitalizadosUCIEtario.csv,1062,420
2021-04-06,/MinCiencia/Datos-COVID19/tree/master/output/producto4,1049,490
2021-04-06,/MinCiencia/Datos-COVID19/tree/master/output/producto10,1040,501
2021-04-07,/MinCiencia/Datos-COVID19,5775,1961
2021-04-07,/MinCiencia/Datos-COVID19/tree/master/output/producto9,1905,674
2021-04-07,/MinCiencia/Datos-COVID19/tree/master/output,1662,651
2021-04-07,/MinCiencia/Datos-COVID19/blob/master/output/producto5/TotalesNacionales.csv,1620,496
2021-04-07,/MinCiencia/Datos-COVID19/tree/master/output/producto5,1592,932
2021-04-07,/MinCiencia/Datos-COVID19/tree/master/output/producto16,1379,599
2021-04-07,/MinCiencia/Datos-COVID19/tree/master/output/producto1,1348,786
2021-04-07,/MinCiencia/Datos-COVID19/blob/master/output/producto9/HospitalizadosUCIEtario.csv,1142,463
2021-04-07,/MinCiencia/Datos-COVID19/tree/master/output/producto4,1097,497
2021-04-07,/MinCiencia/Datos-COVID19/tree/master/output/producto10,1074,511
2021-04-08,/MinCiencia/Datos-COVID19,5928,2024
2021-04-08,/MinCiencia/Datos-COVID19/tree/master/output/producto9,1976,711
2021-04-08,/MinCiencia/Datos-COVID19/tree/master/output,1685,658
2021-04-08,/MinCiencia/Datos-COVID19/tree/master/output/producto5,1532,930
2021-04-08,/MinCiencia/Datos-COVID19/tree/master/output/producto16,1463,624
2021-04-08,/MinCiencia/Datos-COVID19/tree/master/output/producto1,1273,751
2021-04-08,/MinCiencia/Datos-COVID19/blob/master/output/producto9/HospitalizadosUCIEtario.csv,1212,495
2021-04-08,/MinCiencia/Datos-COVID19/tree/master/output/producto10,1100,515
2021-04-08,/MinCiencia/Datos-COVID19/blob/master/output/producto5/TotalesNacionales.csv,1003,505
2021-04-08,/MinCiencia/Datos-COVID19/tree/master/output/producto2,998,635
2021-04-09,/MinCiencia/Datos-COVID19,6012,2073
2021-04-09,/MinCiencia/Datos-COVID19/tree/master/output/producto9,2075,739
2021-04-09,/MinCiencia/Datos-COVID19/tree/master/output,1767,679
2021-04-09,/MinCiencia/Datos-COVID19/tree/master/output/producto16,1660,645
2021-04-09,/MinCiencia/Datos-COVID19/tree/master/output/producto5,1539,911
2021-04-09,/MinCiencia/Datos-COVID19/tree/master/output/producto1,1299,764
2021-04-09,/MinCiencia/Datos-COVID19/blob/master/output/producto9/HospitalizadosUCIEtario.csv,1284,517
2021-04-09,/MinCiencia/Datos-COVID19/tree/master/output/producto10,1120,528
2021-04-09,/MinCiencia/Datos-COVID19/tree/master/output/producto4,973,485
2021-04-09,/MinCiencia/Datos-COVID19/tree/master/output/producto2,965,628
2021-04-10,/MinCiencia/Datos-COVID19,6789,2316
2021-04-10,/MinCiencia/Datos-COVID19/tree/master/output/producto9,2403,811
2021-04-10,/MinCiencia/Datos-COVID19/tree/master/output,1991,754
2021-04-10,/MinCiencia/Datos-COVID19/tree/master/output/producto5,1806,1042
2021-04-10,/MinCiencia/Datos-COVID19/tree/master/output/producto16,1785,700
2021-04-10,/MinCiencia/Datos-COVID19/tree/master/output/producto1,1481,884
2021-04-10,/MinCiencia/Datos-COVID19/blob/master/output/producto9/HospitalizadosUCIEtario.csv,1481,582
2021-04-10,/MinCiencia/Datos-COVID19/tree/master/output/producto10,1259,587
2021-04-10,/MinCiencia/Datos-COVID19/tree/master/output/producto3,1140,477
2021-04-10,/MinCiencia/Datos-COVID19/tree/master/output/producto2,1097,735
2021-04-10,/MinCiencia/Datos-COVID19,6789,2316
2021-04-10,/MinCiencia/Datos-COVID19/tree/master/output/producto9,2403,811
2021-04-10,/MinCiencia/Datos-COVID19/tree/master/output,1991,754
2021-04-10,/MinCiencia/Datos-COVID19/tree/master/output/producto5,1806,1042
2021-04-10,/MinCiencia/Datos-COVID19/tree/master/output/producto16,1785,700
2021-04-10,/MinCiencia/Datos-COVID19/tree/master/output/producto1,1481,884
2021-04-10,/MinCiencia/Datos-COVID19/blob/master/output/producto9/HospitalizadosUCIEtario.csv,1481,582
2021-04-10,/MinCiencia/Datos-COVID19/tree/master/output/producto10,1259,587
2021-04-10,/MinCiencia/Datos-COVID19/tree/master/output/producto3,1140,477
2021-04-10,/MinCiencia/Datos-COVID19/tree/master/output/producto2,1097,735
2021-04-16,/MinCiencia/Datos-COVID19,5986,2068
2021-04-16,/MinCiencia/Datos-COVID19/tree/master/output/producto9,2261,739
2021-04-16,/MinCiencia/Datos-COVID19/tree/master/output/producto16,1784,681
2021-04-16,/MinCiencia/Datos-COVID19/tree/master/output,1780,731
2021-04-16,/MinCiencia/Datos-COVID19/tree/master/output/producto5,1651,926
2021-04-16,/MinCiencia/Datos-COVID19/blob/master/output/producto9/HospitalizadosUCIEtario.csv,1526,571
2021-04-16,/MinCiencia/Datos-COVID19/tree/master/output/producto1,1446,861
2021-04-16,/MinCiencia/Datos-COVID19/blob/master/output/producto9/HospitalizadosUCIEtario_T.csv,1082,412
2021-04-16,/MinCiencia/Datos-COVID19/tree/master/output/producto3,1018,450
2021-04-16,/MinCiencia/Datos-COVID19/tree/master/output/producto10,996,448
2021-04-18,/MinCiencia/Datos-COVID19,6940,2245
2021-04-18,/MinCiencia/Datos-COVID19/tree/master/output/producto9,2460,752
2021-04-18,/MinCiencia/Datos-COVID19/tree/master/output,2020,792
2021-04-18,/MinCiencia/Datos-COVID19/tree/master/output/producto5,1838,1019
2021-04-18,/MinCiencia/Datos-COVID19/tree/master/output/producto16,1824,639
2021-04-18,/MinCiencia/Datos-COVID19/tree/master/output/producto1,1690,907
2021-04-18,/MinCiencia/Datos-COVID19/blob/master/output/producto9/HospitalizadosUCIEtario.csv,1630,575
2021-04-18,/MinCiencia/Datos-COVID19/blob/master/output/producto9/HospitalizadosUCIEtario_T.csv,1192,426
2021-04-18,/MinCiencia/Datos-COVID19/tree/master/output/producto3,1186,492
2021-04-18,/MinCiencia/Datos-COVID19/tree/master/output/producto2,1084,718
2021-04-25,/MinCiencia/Datos-COVID19,6791,2210
2021-04-25,/MinCiencia/Datos-COVID19/tree/master/output/producto9,2122,590
2021-04-25,/MinCiencia/Datos-COVID19/tree/master/output,1871,707
2021-04-25,/MinCiencia/Datos-COVID19/tree/master/output/producto5,1854,1072
2021-04-25,/MinCiencia/Datos-COVID19/tree/master/output/producto1,1747,896
2021-04-25,/MinCiencia/Datos-COVID19/blob/master/output/producto9/HospitalizadosUCIEtario.csv,1427,448
2021-04-25,/MinCiencia/Datos-COVID19/tree/master/output/producto16,1330,506
2021-04-25,/MinCiencia/Datos-COVID19/tree/master/output/producto3,1119,451
2021-04-25,/MinCiencia/Datos-COVID19/tree/master/output/producto2,1064,700
2021-04-25,/MinCiencia/Datos-COVID19/tree/master/output/producto4,1020,441
2021-04-28,/MinCiencia/Datos-COVID19,6326,2040
2021-04-28,/MinCiencia/Datos-COVID19/tree/master/output,1803,663
2021-04-28,/MinCiencia/Datos-COVID19/tree/master/output/producto9,1772,524
2021-04-28,/MinCiencia/Datos-COVID19/tree/master/output/producto5,1754,1059
2021-04-28,/MinCiencia/Datos-COVID19/tree/master/output/producto1,1668,853
2021-04-28,/MinCiencia/Datos-COVID19/blob/master/output/producto9/HospitalizadosUCIEtario.csv,1199,382
2021-04-28,/MinCiencia/Datos-COVID19/tree/master/output/producto16,1061,452
2021-04-28,/MinCiencia/Datos-COVID19/tree/master/output/producto2,1016,680
2021-04-28,/MinCiencia/Datos-COVID19/tree/master/output/producto3,978,405
2021-04-28,/MinCiencia/Datos-COVID19/blob/master/output/producto5/TotalesNacionales.csv,928,517
2021-04-29,/MinCiencia/Datos-COVID19,6179,1971
2021-04-29,/MinCiencia/Datos-COVID19/tree/master/output/producto9,1748,509
2021-04-29,/MinCiencia/Datos-COVID19/tree/master/output/producto5,1692,1009
2021-04-29,/MinCiencia/Datos-COVID19/tree/master/output,1692,636
2021-04-29,/MinCiencia/Datos-COVID19/tree/master/output/producto1,1502,815
2021-04-29,/MinCiencia/Datos-COVID19/blob/master/output/producto9/HospitalizadosUCIEtario.csv,1153,372
2021-04-29,/MinCiencia/Datos-COVID19/tree/master/output/producto2,978,658
2021-04-29,/MinCiencia/Datos-COVID19/tree/master/output/producto16,965,441
2021-04-29,/MinCiencia/Datos-COVID19/tree/master/output/producto3,954,395
2021-04-29,/MinCiencia/Datos-COVID19/blob/master/output/producto5/TotalesNacionales.csv,903,492
2021-05-02,/MinCiencia/Datos-COVID19,5776,1839
2021-05-02,/MinCiencia/Datos-COVID19/tree/master/output/producto9,1602,463
2021-05-02,/MinCiencia/Datos-COVID19/tree/master/output,1542,570
2021-05-02,/MinCiencia/Datos-COVID19/tree/master/output/producto5,1461,850
2021-05-02,/MinCiencia/Datos-COVID19/tree/master/output/producto1,1368,744
2021-05-02,/MinCiencia/Datos-COVID19/blob/master/output/producto9/HospitalizadosUCIEtario.csv,1061,324
2021-05-02,/MinCiencia/Datos-COVID19/tree/master/output/producto16,895,437
2021-05-02,/MinCiencia/Datos-COVID19/tree/master/output/producto2,862,579
2021-05-02,/MinCiencia/Datos-COVID19/tree/master/output/producto3,835,356
2021-05-02,/MinCiencia/Datos-COVID19/tree/master/output/producto4,799,364
2021-05-06,/MinCiencia/Datos-COVID19,5669,1817
2021-05-06,/MinCiencia/Datos-COVID19/tree/master/output/producto9,1745,477
2021-05-06,/MinCiencia/Datos-COVID19/tree/master/output,1507,549
2021-05-06,/MinCiencia/Datos-COVID19/tree/master/output/producto5,1323,754
2021-05-06,/MinCiencia/Datos-COVID19/tree/master/output/producto1,1310,674
2021-05-06,/MinCiencia/Datos-COVID19/blob/master/output/producto9/HospitalizadosUCIEtario.csv,1053,330
2021-05-06,/MinCiencia/Datos-COVID19/tree/master/output/producto3,861,324
2021-05-06,/MinCiencia/Datos-COVID19/tree/master/output/producto16,856,446
2021-05-06,/MinCiencia/Datos-COVID19/tree/master/output/producto2,774,501
2021-05-06,/MinCiencia/Datos-COVID19/tree/master/output/producto4,730,323
2021-05-08,/MinCiencia/Datos-COVID19,5723,1820
2021-05-08,/MinCiencia/Datos-COVID19/tree/master/output/producto9,1765,470
2021-05-08,/MinCiencia/Datos-COVID19/tree/master/output,1508,544
2021-05-08,/MinCiencia/Datos-COVID19/tree/master/output/producto5,1307,694
2021-05-08,/MinCiencia/Datos-COVID19/tree/master/output/producto1,1248,645
2021-05-08,/MinCiencia/Datos-COVID19/blob/master/output/producto9/HospitalizadosUCIEtario.csv,1063,334
2021-05-08,/MinCiencia/Datos-COVID19/tree/master/output/producto16,895,451
2021-05-08,/MinCiencia/Datos-COVID19/tree/master/output/producto3,858,312
2021-05-08,/MinCiencia/Datos-COVID19/tree/master/output/producto37,818,153
2021-05-08,/MinCiencia/Datos-COVID19/tree/master/output/producto4,809,324
2021-05-11,/MinCiencia/Datos-COVID19,5437,1697
2021-05-11,/MinCiencia/Datos-COVID19/tree/master/output/producto9,1644,440
2021-05-11,/MinCiencia/Datos-COVID19/tree/master/output,1461,532
2021-05-11,/MinCiencia/Datos-COVID19/tree/master/output/producto5,1199,628
2021-05-11,/MinCiencia/Datos-COVID19/tree/master/output/producto1,1122,595
2021-05-11,/MinCiencia/Datos-COVID19/blob/master/output/producto9/HospitalizadosUCIEtario.csv,978,304
2021-05-11,/MinCiencia/Datos-COVID19/tree/master/output/producto16,870,448
2021-05-11,/MinCiencia/Datos-COVID19/tree/master/output/producto3,852,301
2021-05-11,/MinCiencia/Datos-COVID19/tree/master/output/producto4,831,337
2021-05-11,/MinCiencia/Datos-COVID19/tree/master/output/producto2,735,460
2021-05-13,/MinCiencia/Datos-COVID19,5333,1679
2021-05-13,/MinCiencia/Datos-COVID19/tree/master/output/producto9,1579,441
2021-05-13,/MinCiencia/Datos-COVID19/tree/master/output,1398,506
2021-05-13,/MinCiencia/Datos-COVID19/tree/master/output/producto5,1224,640
2021-05-13,/MinCiencia/Datos-COVID19/tree/master/output/producto1,1069,567
2021-05-13,/MinCiencia/Datos-COVID19/blob/master/output/producto9/HospitalizadosUCIEtario.csv,952,290
2021-05-13,/MinCiencia/Datos-COVID19/tree/master/output/producto4,921,342
2021-05-13,/MinCiencia/Datos-COVID19/tree/master/output/producto3,833,295
2021-05-13,/MinCiencia/Datos-COVID19/tree/master/output/producto16,798,400
2021-05-13,/MinCiencia/Datos-COVID19/tree/master/output/producto2,699,422
2021-05-14,/MinCiencia/Datos-COVID19,5354,1725
2021-05-14,/MinCiencia/Datos-COVID19/tree/master/output/producto9,1569,432
2021-05-14,/MinCiencia/Datos-COVID19/tree/master/output,1438,514
2021-05-14,/MinCiencia/Datos-COVID19/tree/master/output/producto5,1259,672
2021-05-14,/MinCiencia/Datos-COVID19/tree/master/output/producto1,1106,582
2021-05-14,/MinCiencia/Datos-COVID19/tree/master/output/producto4,968,344
2021-05-14,/MinCiencia/Datos-COVID19/blob/master/output/producto9/HospitalizadosUCIEtario.csv,951,292
2021-05-14,/MinCiencia/Datos-COVID19/tree/master/output/producto3,844,299
2021-05-14,/MinCiencia/Datos-COVID19/tree/master/output/producto16,835,422
2021-05-14,/MinCiencia/Datos-COVID19/tree/master/output/producto2,728,445
2021-05-17,/MinCiencia/Datos-COVID19,5026,1614
2021-05-17,/MinCiencia/Datos-COVID19/tree/master/output/producto9,1472,412
2021-05-17,/MinCiencia/Datos-COVID19/tree/master/output,1349,485
2021-05-17,/MinCiencia/Datos-COVID19/tree/master/output/producto5,1224,632
2021-05-17,/MinCiencia/Datos-COVID19/tree/master/output/producto1,1028,545
2021-05-17,/MinCiencia/Datos-COVID19/tree/master/output/producto4,953,319
2021-05-17,/MinCiencia/Datos-COVID19/blob/master/output/producto9/HospitalizadosUCIEtario.csv,899,289
2021-05-17,/MinCiencia/Datos-COVID19/tree/master/output/producto16,830,414
2021-05-17,/MinCiencia/Datos-COVID19/tree/master/output/producto3,735,278
2021-05-17,/MinCiencia/Datos-COVID19/tree/master/output/producto2,715,412
2021-05-22,/MinCiencia/Datos-COVID19,4851,1492
2021-05-22,/MinCiencia/Datos-COVID19/tree/master/output,1516,487
2021-05-22,/MinCiencia/Datos-COVID19/tree/master/output/producto9,1348,394
2021-05-22,/MinCiencia/Datos-COVID19/tree/master/output/producto5,1193,669
2021-05-22,/MinCiencia/Datos-COVID19/tree/master/output/producto4,1054,301
2021-05-22,/MinCiencia/Datos-COVID19/tree/master/output/producto1,969,509
2021-05-22,/MinCiencia/Datos-COVID19/tree/master/output/producto37,962,108
2021-05-22,/MinCiencia/Datos-COVID19/tree/master/output/producto3,889,318
2021-05-22,/MinCiencia/Datos-COVID19/blob/master/output/producto9/HospitalizadosUCIEtario.csv,817,286
2021-05-22,/MinCiencia/Datos-COVID19/tree/master/output/producto2,773,427
2021-05-28,/MinCiencia/Datos-COVID19,5024,1623
2021-05-28,/MinCiencia/Datos-COVID19/tree/master/output,1578,523
2021-05-28,/MinCiencia/Datos-COVID19/tree/master/output/producto9,1412,427
2021-05-28,/MinCiencia/Datos-COVID19/tree/master/output/producto5,1135,661
2021-05-28,/MinCiencia/Datos-COVID19/tree/master/output/producto4,1118,364
2021-05-28,/MinCiencia/Datos-COVID19/tree/master/output/producto37,1063,119
2021-05-28,/MinCiencia/Datos-COVID19/tree/master/output/producto1,1036,526
2021-05-28,/MinCiencia/Datos-COVID19/tree/master/output/producto3,996,345
2021-05-28,/MinCiencia/Datos-COVID19/blob/master/output/producto9/HospitalizadosUCIEtario.csv,844,319
2021-05-28,/MinCiencia/Datos-COVID19/tree/master/output/producto2,770,420
2021-05-31,/MinCiencia/Datos-COVID19,5508,1697
2021-05-31,/MinCiencia/Datos-COVID19/tree/master/output,1674,541
2021-05-31,/MinCiencia/Datos-COVID19/tree/master/output/producto9,1388,480
2021-05-31,/MinCiencia/Datos-COVID19/tree/master/output/producto1,1189,556
2021-05-31,/MinCiencia/Datos-COVID19/tree/master/output/producto3,1165,361
2021-05-31,/MinCiencia/Datos-COVID19/tree/master/output/producto5,1156,688
2021-05-31,/MinCiencia/Datos-COVID19/tree/master/output/producto4,1126,391
2021-05-31,/MinCiencia/Datos-COVID19/tree/master/output/producto37,1073,122
2021-05-31,/MinCiencia/Datos-COVID19/blob/master/output/producto9/HospitalizadosUCIEtario.csv,851,339
2021-05-31,/MinCiencia/Datos-COVID19/tree/master/output/producto16,784,419
2021-06-02,/MinCiencia/Datos-COVID19,5893,1777
2021-06-02,/MinCiencia/Datos-COVID19/tree/master/output,1696,554
2021-06-02,/MinCiencia/Datos-COVID19/tree/master/output/producto9,1435,506
2021-06-02,/MinCiencia/Datos-COVID19/tree/master/output/producto1,1249,591
2021-06-02,/MinCiencia/Datos-COVID19/tree/master/output/producto3,1231,363
2021-06-02,/MinCiencia/Datos-COVID19/tree/master/output/producto37,1156,143
2021-06-02,/MinCiencia/Datos-COVID19/tree/master/output/producto4,1138,387
2021-06-02,/MinCiencia/Datos-COVID19/tree/master/output/producto5,1117,674
2021-06-02,/MinCiencia/Datos-COVID19/blob/master/output/producto9/HospitalizadosUCIEtario.csv,888,361
2021-06-02,/MinCiencia/Datos-COVID19/tree/master/output/producto16,820,436
2021-06-03,/MinCiencia/Datos-COVID19,5459,1681
2021-06-03,/MinCiencia/Datos-COVID19/tree/master/output,1524,515
2021-06-03,/MinCiencia/Datos-COVID19/tree/master/output/producto9,1223,485
2021-06-03,/MinCiencia/Datos-COVID19/tree/master/output/producto1,1158,563
2021-06-03,/MinCiencia/Datos-COVID19/tree/master/output/producto3,1145,339
2021-06-03,/MinCiencia/Datos-COVID19/tree/master/output/producto4,1045,365
2021-06-03,/MinCiencia/Datos-COVID19/tree/master/output/producto5,1043,624
2021-06-03,/MinCiencia/Datos-COVID19/blob/master/output/producto9/HospitalizadosUCIEtario.csv,830,343
2021-06-03,/MinCiencia/Datos-COVID19/tree/master/output/producto16,760,404
2021-06-03,/MinCiencia/Datos-COVID19/tree/master/output/producto2,746,460
2021-06-05,/MinCiencia/Datos-COVID19,6167,1943
2021-06-05,/MinCiencia/Datos-COVID19/tree/master/output,1667,548
2021-06-05,/MinCiencia/Datos-COVID19/tree/master/output/producto9,1397,524
2021-06-05,/MinCiencia/Datos-COVID19/tree/master/output/producto1,1274,644
2021-06-05,/MinCiencia/Datos-COVID19/tree/master/output/producto3,1204,359
2021-06-05,/MinCiencia/Datos-COVID19/tree/master/output/producto4,1184,395
2021-06-05,/MinCiencia/Datos-COVID19/tree/master/output/producto5,1182,702
2021-06-05,/MinCiencia/Datos-COVID19/blob/master/output/producto9/HospitalizadosUCIEtario.csv,929,356
2021-06-05,/MinCiencia/Datos-COVID19/blob/master/output/producto5/TotalesNacionales.csv,850,410
2021-06-05,/MinCiencia/Datos-COVID19/tree/master/output/producto16,845,442
2021-06-12,/MinCiencia/Datos-COVID19,6165,2006
2021-06-12,/MinCiencia/Datos-COVID19/tree/master/output,1566,519
2021-06-12,/MinCiencia/Datos-COVID19/tree/master/output/producto9,1248,492
2021-06-12,/MinCiencia/Datos-COVID19/tree/master/output/producto1,1173,579
2021-06-12,/MinCiencia/Datos-COVID19/tree/master/output/producto5,1142,676
2021-06-12,/MinCiencia/Datos-COVID19/tree/master/output/producto3,1000,315
2021-06-12,/MinCiencia/Datos-COVID19/tree/master/output/producto4,852,296
2021-06-12,/MinCiencia/Datos-COVID19/blob/master/output/producto9/HospitalizadosUCIEtario.csv,850,331
2021-06-12,/MinCiencia/Datos-COVID19/issues,754,227
2021-06-12,/MinCiencia/Datos-COVID19/blob/master/output/producto5/TotalesNacionales.csv,738,369
2021-06-14,/MinCiencia/Datos-COVID19,5511,1862
2021-06-14,/MinCiencia/Datos-COVID19/tree/master/output,1417,481
2021-06-14,/MinCiencia/Datos-COVID19/tree/master/output/producto9,1109,473
2021-06-14,/MinCiencia/Datos-COVID19/tree/master/output/producto5,1047,630
2021-06-14,/MinCiencia/Datos-COVID19/tree/master/output/producto1,913,505
2021-06-14,/MinCiencia/Datos-COVID19/blob/master/output/producto9/HospitalizadosUCIEtario.csv,777,318
2021-06-14,/MinCiencia/Datos-COVID19/tree/master/output/producto4,761,271
2021-06-14,/MinCiencia/Datos-COVID19/tree/master/output/producto3,710,287
2021-06-14,/MinCiencia/Datos-COVID19/blob/master/output/producto5/TotalesNacionales.csv,662,339
2021-06-14,/MinCiencia/Datos-COVID19/issues,623,184
2021-06-18,/MinCiencia/Datos-COVID19,5469,1830
2021-06-18,/MinCiencia/Datos-COVID19/tree/master/output,1568,504
2021-06-18,/MinCiencia/Datos-COVID19/tree/master/output/producto5,1118,616
2021-06-18,/MinCiencia/Datos-COVID19/tree/master/output/producto9,1102,456
2021-06-18,/MinCiencia/Datos-COVID19/tree/master/output/producto1,891,480
2021-06-18,/MinCiencia/Datos-COVID19/tree/master/output/producto3,762,312
2021-06-18,/MinCiencia/Datos-COVID19/blob/master/output/producto9/HospitalizadosUCIEtario.csv,752,318
2021-06-18,/MinCiencia/Datos-COVID19/tree/master/output/producto4,752,276
2021-06-18,/MinCiencia/Datos-COVID19/blob/master/output/producto5/TotalesNacionales.csv,639,332
2021-06-18,/MinCiencia/Datos-COVID19/issues,636,180
2021-06-20,/MinCiencia/Datos-COVID19,5259,1739
2021-06-20,/MinCiencia/Datos-COVID19/tree/master/output,1560,482
2021-06-20,/MinCiencia/Datos-COVID19/tree/master/output/producto9,1084,424
2021-06-20,/MinCiencia/Datos-COVID19/tree/master/output/producto5,1068,567
2021-06-20,/MinCiencia/Datos-COVID19/tree/master/output/producto1,827,432
2021-06-20,/MinCiencia/Datos-COVID19/tree/master/output/producto3,739,303
2021-06-20,/MinCiencia/Datos-COVID19/blob/master/output/producto9/HospitalizadosUCIEtario.csv,737,306
2021-06-20,/MinCiencia/Datos-COVID19/tree/master/output/producto4,732,274
2021-06-20,/MinCiencia/Datos-COVID19/issues,650,175
2021-06-20,/MinCiencia/Datos-COVID19/blob/master/output/producto5/TotalesNacionales.csv,606,313
2021-06-21,/MinCiencia/Datos-COVID19,5099,1718
2021-06-21,/MinCiencia/Datos-COVID19/tree/master/output,1503,476
2021-06-21,/MinCiencia/Datos-COVID19/tree/master/output/producto5,1061,579
2021-06-21,/MinCiencia/Datos-COVID19/tree/master/output/producto9,1033,408
2021-06-21,/MinCiencia/Datos-COVID19/tree/master/output/producto1,814,415
2021-06-21,/MinCiencia/Datos-COVID19/tree/master/output/producto3,758,305
2021-06-21,/MinCiencia/Datos-COVID19/tree/master/output/producto4,743,280
2021-06-21,/MinCiencia/Datos-COVID19/blob/master/output/producto9/HospitalizadosUCIEtario.csv,699,295
2021-06-21,/MinCiencia/Datos-COVID19/tree/master/output/producto76,624,218
2021-06-21,/MinCiencia/Datos-COVID19/issues,624,168
2021-06-23,/MinCiencia/Datos-COVID19,5056,1713
2021-06-23,/MinCiencia/Datos-COVID19/tree/master/output,1693,483
2021-06-23,/MinCiencia/Datos-COVID19/tree/master/output/producto5,1099,583
2021-06-23,/MinCiencia/Datos-COVID19/tree/master/output/producto9,1060,404
2021-06-23,/MinCiencia/Datos-COVID19/tree/master/output/producto3,849,319
2021-06-23,/MinCiencia/Datos-COVID19/tree/master/output/producto4,825,290
2021-06-23,/MinCiencia/Datos-COVID19/tree/master/output/producto1,809,421
2021-06-23,/MinCiencia/Datos-COVID19/blob/master/output/producto9/HospitalizadosUCIEtario.csv,689,291
2021-06-23,/MinCiencia/Datos-COVID19/tree/master/output/producto76,678,242
2021-06-23,/MinCiencia/Datos-COVID19/issues,626,182
2021-06-25,/MinCiencia/Datos-COVID19,4894,1636
2021-06-25,/MinCiencia/Datos-COVID19/tree/master/output,1708,477
2021-06-25,/MinCiencia/Datos-COVID19/tree/master/output/producto9,1245,388
2021-06-25,/MinCiencia/Datos-COVID19/tree/master/output/producto5,1116,582
2021-06-25,/MinCiencia/Datos-COVID19/tree/master/output/producto3,881,296
2021-06-25,/MinCiencia/Datos-COVID19/tree/master/output/producto4,828,298
2021-06-25,/MinCiencia/Datos-COVID19/tree/master/output/producto1,786,426
2021-06-25,/MinCiencia/Datos-COVID19/tree/master/output/producto10,726,264
2021-06-25,/MinCiencia/Datos-COVID19/tree/master/output/producto76,713,256
2021-06-25,/MinCiencia/Datos-COVID19/blob/master/output/producto9/HospitalizadosUCIEtario.csv,673,267
2021-07-01,/MinCiencia/Datos-COVID19,5076,1690
2021-07-01,/MinCiencia/Datos-COVID19/tree/master/output,1531,482
2021-07-01,/MinCiencia/Datos-COVID19/tree/master/output/producto5,1090,571
2021-07-01,/MinCiencia/Datos-COVID19/tree/master/output/producto9,1029,361
2021-07-01,/MinCiencia/Datos-COVID19/tree/master/output/producto1,876,430
2021-07-01,/MinCiencia/Datos-COVID19/tree/master/output/producto76,742,246
2021-07-01,/MinCiencia/Datos-COVID19/tree/master/output/producto3,730,253
2021-07-01,/MinCiencia/Datos-COVID19/tree/master/output/producto4,729,287
2021-07-01,/MinCiencia/Datos-COVID19/tree/master/output/producto10,689,249
2021-07-01,/MinCiencia/Datos-COVID19/blob/master/output/producto9/HospitalizadosUCIEtario.csv,633,264
2021-07-03,/MinCiencia/Datos-COVID19,5557,1798
2021-07-03,/MinCiencia/Datos-COVID19/tree/master/output,1712,511
2021-07-03,/MinCiencia/Datos-COVID19/tree/master/output/producto5,1178,601
2021-07-03,/MinCiencia/Datos-COVID19/tree/master/output/producto9,1078,375
2021-07-03,/MinCiencia/Datos-COVID19/tree/master/output/producto1,922,446
2021-07-03,/MinCiencia/Datos-COVID19/tree/master/output/producto4,741,298
2021-07-03,/MinCiencia/Datos-COVID19/tree/master/output/producto10,723,276
2021-07-03,/MinCiencia/Datos-COVID19/tree/master/output/producto76,723,253
2021-07-03,/MinCiencia/Datos-COVID19/tree/master/output/producto3,719,250
2021-07-03,/MinCiencia/Datos-COVID19/find/master,703,422
2021-07-10,/MinCiencia/ciencia_IA,39,25
2021-07-10,/MinCiencia/ciencia_IA/tree/main/src,13,10
2021-07-10,/MinCiencia/ciencia_IA/blob/main/src/reply.py,7,7
2021-07-10,/MinCiencia/ciencia_IA/tree/main/.github/workflows,6,5
2021-07-10,/MinCiencia/ciencia_IA/blob/main/src/config_bot.py,4,4
2021-07-10,/MinCiencia/ciencia_IA/actions/workflows/main.yml,4,1
2021-07-10,/MinCiencia/ciencia_IA/blob/main/.github/workflows/main.yml,2,2
2021-07-10,/MinCiencia/ciencia_IA/blob/main/README.md,2,2
2021-07-10,/MinCiencia/ciencia_IA/actions,2,1
2021-07-10,/MinCiencia/ciencia_IA/actions/new,2,1
2021-07-10,/MinCiencia/Datos-COVID19,6468,1990
2021-07-10,/MinCiencia/Datos-COVID19/tree/master/output,1661,522
2021-07-10,/MinCiencia/Datos-COVID19/tree/master/output/producto5,1163,563
2021-07-10,/MinCiencia/Datos-COVID19/tree/master/output/producto1,962,446
2021-07-10,/MinCiencia/Datos-COVID19/tree/master/output/producto9,832,357
2021-07-10,/MinCiencia/Datos-COVID19/tree/master/input,825,254
2021-07-10,/MinCiencia/Datos-COVID19/find/master,804,492
2021-07-10,/MinCiencia/Datos-COVID19/tree/master/output/producto4,734,295
2021-07-10,/MinCiencia/Datos-COVID19/tree/master/output/producto76,732,248
2021-07-10,/MinCiencia/Datos-COVID19/tree/master/output/producto3,726,282
